Education Level,male_mean,female_mean,gap,gap_pct,n_male,n_female,p_value,significant
0,22.67785714285714,18.88129213483146,3.796565008025677,16.741286375117166,210,178,1.0709030891130576e-07,True
2,28.626288659793815,24.983498542274052,3.6427901175197626,12.725331463020328,388,343,4.304469030044192e-09,True
4,36.4273630831643,31.85103519668737,4.576327886476932,12.562885422228053,493,483,5.20161330108017e-11,True
3,30.574951185495117,26.87738131699847,3.6975698684966467,12.09346123257521,717,653,3.952593601906137e-14,True
1,25.951183673469387,23.02482456140351,2.926359112065878,11.276399369241782,490,456,8.898538612461467e-09,True
5,41.72520900321543,37.78359712230216,3.941611880913271,9.446595895084725,311,278,7.030379371511358e-05,True
