Occupation (Broad),male_mean,female_mean,gap,gap_pct,n_male,n_female,p_value,significant
7.0,428.65714285714284,443.56716417910445,-14.910021321961608,-3.478309313261723,35,67,0.22217526047403122,False
