Marital Status,male_mean,female_mean,gap,gap_pct,n_male,n_female,p_value,significant
3,31.317751937984497,27.116581196581194,4.201170741403303,13.414662552160427,129,117,0.0007831286634685843,True
4,31.591217391304347,27.419052631578943,4.172164759725405,13.206723590442627,115,95,0.006210549531095707,True
1,31.613835920177383,27.53800229621125,4.075833623966133,12.892562719238862,902,871,8.249476322908466e-15,True
2,31.08776141384389,27.150033333333337,3.937728080510553,12.66648964552661,679,600,3.101303056710046e-11,True
5,31.8115625,28.570465116279067,3.241097383720934,10.18842561952414,256,215,0.0010419539184721236,True
6,30.306609848484847,27.733529411764703,2.5730804367201436,8.49016254072635,528,493,0.00015198832736967847,True
