Education Level,male_mean,female_mean,gap,gap_pct,n_male,n_female,p_value,significant
1,443.875,451.1666666666667,-7.291666666666686,-1.6427297474889746,48,30,0.5758011540848369,False
