Province,male_mean,female_mean,gap,gap_pct,n_male,n_female,p_value,significant
35,442.7307692307692,453.6666666666667,-10.93589743589746,-2.4701010627515765,52,48,0.29495017956407243,False
